{
    "kango_version": "1.3.9 5f7ad87d19fe", 
    "content_scripts": [], 
    "description": "Pundits", 
    "creator": "Northwestern University InfoLab", 
    "kango_package_id": "dev", 
    "base_url": "http://context.infolabprojects.com/", 
    "background_scripts": [
        "js/main.js"
    ], 
    "homepage_url": "http://infolabprojects.com/", 
    "version": "0.1.0", 
    "auth_url": "http://context.infolabprojects.com/auth/check/pundits/", 
    "package_id": "kango-5864f882-c358-49d5-875e-d9a3fe5cab20", 
    "browser_button": {
        "caption": "Pundits", 
        "tooltipText": "Pundits", 
        "popup": {
            "url": "popup.html", 
            "width": 600, 
            "height": 520
        }, 
        "icon": "icons/button.png"
    }, 
    "id": "{5864F882-C358-49D5-875E-D9A3FE5CAB20}", 
    "name": "Pundits"
}