{
    "kango_version": "1.3.9 5f7ad87d19fe", 
    "content_scripts": [], 
    "description": "Pundits", 
    "creator": "Northwestern University InfoLab", 
    "kango_package_id": "dev", 
    "base_url": "http://127.0.0.1:8000/", 
    "background_scripts": [
        "js/main.js"
    ], 
    "homepage_url": "http://infolabprojects.com/", 
    "version": "0.1.0", 
    "auth_url": "http://127.0.0.1:8000/auth/check/pundits/", 
    "content_security_policy": "script-src 'self' https://platform.twitter.com https://syndication.twitter.com https://cdn.api.twitter.com https://syndication.twimg.com; object-src 'self'", 
    "browser_button": {
        "caption": "Pundits -dev-", 
        "tooltipText": "Pundits -dev-", 
        "popup": {
            "url": "popup.html", 
            "width": 600, 
            "height": 520
        }, 
        "icon": "icons/button.png"
    }, 
    "id": "ajenfeamadejompdhmpanijohkheodod", 
    "name": "Pundits -dev-"
}