{
  "com_objects": {
    "engine": {
      "iid": "{C2AD1F6E-F68C-4C50-BEBF-14B4FDE782FD}", 
      "libid": "{DF3408B5-CB06-4E74-8718-B09B3E55CD8A}", 
      "clsid": "{C23A1F62-F6DF-4C2A-B147-20B466E7A8FD}"
    }, 
    "toolbar": {
      "iid": "{91207057-3461-4F7F-B689-D016B7A0396E}", 
      "clsid": "{E2C6E2A7-41AE-4A31-8A0F-C5769F9ED3E5}"
    }, 
    "bho": {
      "iid": "{91E7211D-0650-43CF-8498-4C81E83AEAA1}", 
      "libid": "{86DCC3DC-0B20-4E26-BA2D-891BD29A01E8}", 
      "clsid": "{9AD41DC7-537F-4143-B8E3-3E234DC0DAA3}"
    }
  }, 
  "id": "{CEFE9409-2FFD-4A93-89A7-2DF7A7F4893E}"
}