{
    "kango_version": "1.3.9 5f7ad87d19fe", 
    "content_scripts": [], 
    "description": "Extension description", 
    "creator": "Scott Bradley", 
    "kango_package_id": "dev", 
    "background_scripts": [
        "main.js"
    ], 
    "homepage_url": "http://knightlab.com", 
    "version": "0.9.0", 
    "options_page": "options.html", 
    "browser_button": {
        "caption": "Ack", 
        "tooltipText": "Ack", 
        "popup": {
            "url": "popup.html", 
            "width": 600, 
            "height": 520
        }, 
        "icon": "icons/button.png"
    }, 
    "id": "echeladkepepfnpkkdbignacelblmkfj", 
    "name": "Ack"
}