{
    "kango_version": "1.3.9 5f7ad87d19fe", 
    "content_scripts": [], 
    "description": "Extension description", 
    "creator": "Scott Bradley", 
    "kango_package_id": "dev", 
    "package_id": "kango-3658c473-ee53-4040-98d9-4e35e6887a94", 
    "background_scripts": [
        "main.js"
    ], 
    "homepage_url": "http://knightlab.com", 
    "version": "0.9.0", 
    "options_page": "options.html", 
    "browser_button": {
        "caption": "Ack", 
        "tooltipText": "Ack", 
        "popup": {
            "url": "popup.html", 
            "width": 600, 
            "height": 520
        }, 
        "icon": "icons/button.png"
    }, 
    "id": "{3658C473-EE53-4040-98D9-4E35E6887A94}", 
    "name": "Ack"
}